,Training RMSE,Test RMSE,RSS,R_squared
Ridge,4673.138851401714,4623.887437583028,37479727317.12307,0.18377299906060796
Least Squares,4601.78032325947,4543.497784210902,36187831317.82179,0.211907686063881
Cross Validation,4635.990937705507,713976.0250504927,893612372900118.8,-19459.935266766646
LASSO,4679.938568310896,4625.144963593094,37500116282.741234,0.18332897170368612
RF,1584.8371716621818,1594.365369425752,4456127632.435874,0.9029552253021706
